name,id,nametype,class,mass,discovery,year,lat,long
Aachen,1,Valid,L5,21.0,Fell,1880.0,50.775,6.08333
Aarhus,2,Valid,H6,720.0,Fell,1951.0,56.18333,10.23333
Abee,6,Valid,EH4,107000.0,Fell,1952.0,54.21667,-113.0
Acapulco,10,Valid,Acapulcoite,1914.0,Fell,1976.0,16.88333,-99.9
Achiras,370,Valid,L6,780.0,Fell,1902.0,-33.16667,-64.95
Adhi Kot,379,Valid,EH4,4239.0,Fell,1919.0,32.1,71.8
Adzhi-Bogdo (stone),390,Valid,LL3-6,910.0,Fell,1949.0,44.83333,95.16667
Agen,392,Valid,H5,30000.0,Fell,1814.0,44.21667,0.61667
Aguada,398,Valid,L6,1620.0,Fell,1930.0,-31.6,-65.23333
Aguila Blanca,417,Valid,L,1440.0,Fell,1920.0,-30.86667,-64.55
Aioun el Atrouss,423,Valid,Diogenite-pm,1000.0,Fell,1974.0,16.39806,-9.57028
Aïr,424,Valid,L6,24000.0,Fell,1925.0,19.08333,8.38333
Aire-sur-la-Lys,425,Valid,Unknown,,Fell,1769.0,50.66667,2.33333
Akaba,426,Valid,L6,779.0,Fell,1949.0,29.51667,35.05
Akbarpur,427,Valid,H4,1800.0,Fell,1838.0,29.71667,77.95
Akwanga,432,Valid,H,3000.0,Fell,1959.0,8.91667,8.43333
